{"Mean":{"confidence_interval":{"confidence_level":0.95,"lower_bound":0.05704297747585339,"upper_bound":0.1409314053270861},"point_estimate":0.09518640936344291,"standard_error":0.021685894317710716},"Median":{"confidence_interval":{"confidence_level":0.95,"lower_bound":0.035145048613572705,"upper_bound":0.08300926178304047},"point_estimate":0.05274695111628347,"standard_error":0.010795040263287084}}