{"Mean":{"confidence_interval":{"confidence_level":0.95,"lower_bound":2678686.952617439,"upper_bound":3455781.7190635465},"point_estimate":3048711.071689437,"standard_error":198187.8464680644},"Median":{"confidence_interval":{"confidence_level":0.95,"lower_bound":1968350.3333333333,"upper_bound":2489399.5},"point_estimate":2159727.7344827587,"standard_error":154388.2683299925},"MedianAbsDev":{"confidence_interval":{"confidence_level":0.95,"lower_bound":584448.682952063,"upper_bound":1320020.8551871197},"point_estimate":914933.6498747617,"standard_error":210385.30462561132},"Slope":{"confidence_interval":{"confidence_level":0.95,"lower_bound":2446990.978342632,"upper_bound":3369976.0504001584},"point_estimate":2869732.485030294,"standard_error":236442.50682068252},"StdDev":{"confidence_interval":{"confidence_level":0.95,"lower_bound":1546221.729889996,"upper_bound":2356249.953069798},"point_estimate":1982529.9768801874,"standard_error":207336.05204561618}}