{"Mean":{"confidence_interval":{"confidence_level":0.95,"lower_bound":22305073.32621205,"upper_bound":26308810.798423357},"point_estimate":24136648.230684526,"standard_error":1028094.6818050684},"Median":{"confidence_interval":{"confidence_level":0.95,"lower_bound":21477015.175,"upper_bound":25992345.285714284},"point_estimate":23540409.5625,"standard_error":1110258.5884866146},"MedianAbsDev":{"confidence_interval":{"confidence_level":0.95,"lower_bound":762384.0940149763,"upper_bound":5197467.477089004},"point_estimate":2896672.9951268993,"standard_error":1181604.105811583},"Slope":{"confidence_interval":{"confidence_level":0.95,"lower_bound":21536784.585858587,"upper_bound":26027748.20471698},"point_estimate":23492810.446103897,"standard_error":1178124.320386351},"StdDev":{"confidence_interval":{"confidence_level":0.95,"lower_bound":1455765.355239082,"upper_bound":4628117.725848083},"point_estimate":3434986.385224171,"standard_error":873396.6606298005}}