{"Mean":{"confidence_interval":{"confidence_level":0.95,"lower_bound":0.544968403069515,"upper_bound":0.5833132069897434},"point_estimate":0.5628583008186916,"standard_error":0.009814925260093227},"Median":{"confidence_interval":{"confidence_level":0.95,"lower_bound":0.518202666899625,"upper_bound":0.5406999347575759},"point_estimate":0.5257659377862909,"standard_error":0.005116707078182335},"MedianAbsDev":{"confidence_interval":{"confidence_level":0.95,"lower_bound":0.027079494686836784,"upper_bound":0.05592043261617604},"point_estimate":0.03903462314272189,"standard_error":0.006803340503263606},"Slope":{"confidence_interval":{"confidence_level":0.95,"lower_bound":0.5452325755849476,"upper_bound":0.5992755154215414},"point_estimate":0.5702873725739656,"standard_error":0.01382639779948452},"StdDev":{"confidence_interval":{"confidence_level":0.95,"lower_bound":0.06686271419688267,"upper_bound":0.1262383146340092},"point_estimate":0.09855746447302571,"standard_error":0.015166715275766204}}