{"Mean":{"confidence_interval":{"confidence_level":0.95,"lower_bound":9311410971.438889,"upper_bound":9995020767.987917},"point_estimate":9623854630.249445,"standard_error":175793676.3152629},"Median":{"confidence_interval":{"confidence_level":0.95,"lower_bound":9201289216.958332,"upper_bound":10030674742.333334},"point_estimate":9406450981.0,"standard_error":212983790.46396703},"MedianAbsDev":{"confidence_interval":{"confidence_level":0.95,"lower_bound":36603594.462156765,"upper_bound":956180165.0437106},"point_estimate":552192026.7695569,"standard_error":221420120.0072341},"Slope":{"confidence_interval":{"confidence_level":0.95,"lower_bound":9126504086.926315,"upper_bound":9467782427.534246},"point_estimate":9255060585.303896,"standard_error":87609163.69490227},"StdDev":{"confidence_interval":{"confidence_level":0.95,"lower_bound":262364208.07517883,"upper_bound":794379824.7023598},"point_estimate":586696482.0303313,"standard_error":149452979.8203037}}