{"Mean":{"confidence_interval":{"confidence_level":0.95,"lower_bound":-0.09335909126411412,"upper_bound":0.4060843378707792},"point_estimate":0.1501608745910501,"standard_error":0.13397773574280253},"Median":{"confidence_interval":{"confidence_level":0.95,"lower_bound":0.11742673087622979,"upper_bound":0.4294573689281933},"point_estimate":0.2772298106952802,"standard_error":0.08344573008982384}}